courseCode,courseTitle,credits,description,learningOutcomes,weeklyTopics,assessments,prerequisites,courseText,rationale,studyHours
COMP2140,Software Engineering,3,DESCRIPTION,[],[],[],"[""COMP1161""]",[],"Software development, which can involve an individual developer or a team of developers, requires choosing the tools, 
methods, and approaches that are most applicable for a given development environment. Software engineering is the 
discipline that introduces students to the necessary knowledge, skills and practices for effectively and efficiently building 
information systems that satisfy the requirements of users and customers. Software development is not just the art of 
writing programs but an assorted array of concepts, principles, methods, techniques and tools that must be applied to 
effectively manage the analysis, design, construction, and deployment of information systems. This course covers the core 
body of knowledge in Software Engineering that the IEEE/ACM Computing Curricula recommends for computing 
graduates.",3
COMP2171,2022/2023 Semester II,3,Course Overview,[],"[{""week"": 1, ""topic"": ""All assignments must be submitted on time using the appropriate link on OURVLE. I will not accept any assignments by email. Exceptions are""}, {""week"": 2, ""topic"": ""If you cheat on any of the assessments, you will fail that assessment. You will receive a score of 0. There may also be a disciplinary hearing""}, {""week"": 3, ""topic"": ""Where group work is concerned \u2013 Your integrity is important here and each group member is expected to put their best effort into the work.""}, {""week"": 4, ""topic"": ""There will be a final exam at the end of the semester, and it will be worth 40% of the grade for the course \u2013 All assessment policy guidelines""}]",[],[],[],"for their use. Students 
participate in a medium sized design project as a group exercise using various UML 
diagrams to express different views of the system design as required. Students will also 
have the opportunity to review research on special topics in Object Orientation and 
modelling. 
On successful completion of this course, students should be able to:  
1. Explain concepts that are fundamental to Object Orientation. 
2. Explain what is a software architecture and its relationship to the elements of the 
software development process. 
3. Review emerging topics and research issues in Object Oriented Design E.g. Model 
Driven Engineering, Continuous Delivery, New Frameworks etc. 
4. Identify Classes and Objects given a particular problem domain. 
5. Use Design patterns to solve commonly reoccurring software design problems. 
6. Construct models of various views of a software system to be developed. 
7. Evaluate existing software models for correctness using appropriate modelling tools. 
8. Select and Justify an appropriate software architecture based on non-functional 
requirements. 
9. Apply the principles of agile modelling to complete the object oriented design of a 
software intensive system based on given requirements and architectural guidelines. 
Prepared by Dr. Claudine Allen",3
COMP2211,"Analysis of Algorithms, Semester II, 2025—Course Information",3,,[],"[{""week"": 1, ""topic"": ""Introduction to Algorithms T.H. Cormen, C.E. Leiserson and R.L. Rivest. (4th ed)""}, {""week"": 2, ""topic"": ""Algorithms R. Sedgewick, K. Wayne. (4th ed)""}, {""week"": 3, ""topic"": ""Techniques for Designing and Analyzing Algorithms Douglas R. Stinson.""}, {""week"": 4, ""topic"": ""A Practical Introduction to Data Structures and Algorithm Analysis C.A. Sha\ufb00er""}, {""week"": 5, ""topic"": ""If you have adopted wholesale, large portions of text (e.g. 1 paragraph or more, or for code:""}, {""week"": 6, ""topic"": ""If you had to adjust the output from the tools before submitting it, then indicate the extent""}, {""week"": 7, ""topic"": ""Programming assignments must be submitted in plain text, in the format in which it was developed and tested. Indentation and presentation of code is very important (even in languages""}, {""week"": 8, ""topic"": ""Project write-ups and any other work submitted electronically should be submitted in PDF.""}, {""week"": 9, ""topic"": ""Never submit an assignment in Microsoft Word2 format (or any other word processor format).""}, {""week"": 10, ""topic"": ""When submitting code fragments electronically use only plain text to do so. (Code submitted""}, {""week"": 11, ""topic"": ""Very often, you will be asked to package the \ufb01les for an assignment with a compressing program. Unless given instructions to the contrary, you may use any of the following compression""}, {""week"": 12, ""topic"": ""If you are asked to upload a PDF of your hand-written work, either use a \ufb02atbed scanner or""}]","[{""type"": ""The course work will consist of (approximately) weekly programming assignments (25%), two online quizzes (2 \u00d7"", ""weight"": 5}, {""type"": ""by up to"", ""weight"": 5}, {""type"": ""Your overall coursework grade will count towards"", ""weight"": 50}]",[],[],,12
COMP2211,"Analysis of Algorithms, Semester II, 2024—Course Information",3,,[],"[{""week"": 1, ""topic"": ""Introduction to Algorithms T.H. Cormen, C.E. Leiserson and R.L. Rivest.""}, {""week"": 2, ""topic"": ""A Practical Introduction to Data Structures and Algorithm Analysis C.A. Sha\ufb00er""}, {""week"": 3, ""topic"": ""If you have adopted wholesale, large portions of text (e.g. 1 paragraph or more, or for code:""}, {""week"": 4, ""topic"": ""If you had to adjust the output from the tools before submitting it, then indicate the extent""}, {""week"": 5, ""topic"": ""Programming assignments must be submitted in plain text, in the format in which it was developed and tested. Indentation and presentation of code is very important (even in languages""}, {""week"": 6, ""topic"": ""Project write-ups and any other work submitted electronically should be submitted in PDF.""}, {""week"": 7, ""topic"": ""Never submit an assignment in Microsoft Word2 format (or any other word processor format).""}, {""week"": 8, ""topic"": ""When submitting code fragments electronically use only plain text to do so. (Code submitted""}, {""week"": 9, ""topic"": ""Very often, you will be asked to package the \ufb01les for an assignment with a compressing program. Unless given instructions to the contrary, you may use any of the following compression""}, {""week"": 10, ""topic"": ""If you are asked to upload a PDF of your hand-written work, either use a \ufb02atbed scanner or""}, {""week"": 11, ""topic"": ""Mathematical Background: Series sums, logarithms""}, {""week"": 12, ""topic"": ""Asymptotic Analysis""}]","[{""type"": ""The course work will consist of (approximately) weekly programming assignments (30%), two online quizzes (2 \u00d7"", ""weight"": 5}]",[],[],,12
COMP2340,Computer Systems Organisation,3,,[],"[{""week"": 1, ""topic"": ""It identifies the primitive building blocks from which computers are built and describes how""}, {""week"": 2, ""topic"": ""It describes the techniques used to control the complexity of building increasingly""}, {""week"": 3, ""topic"": ""It makes explicit the relationship between instruction execution and changes in hardware""}, {""week"": 4, ""topic"": ""Overview of the history of the digital computer""}, {""week"": 5, ""topic"": ""Introduction to digital logic (logic gates, flip-flops, circuits)""}, {""week"": 6, ""topic"": ""Representation of numeric data (floating point)""}, {""week"": 7, ""topic"": ""Range, precision, and errors in floating-point arithmetic""}, {""week"": 8, ""topic"": ""Characters, pointers, strings, composite data (arrays, lists, objects).""}, {""week"": 9, ""topic"": ""The functional units of the processor (adders, ALU\u2019s, registers, buses)""}, {""week"": 10, ""topic"": ""Data paths, microinstructions, the control unit""}, {""week"": 11, ""topic"": ""Hardwired controllers and micro-coded controllers""}, {""week"": 12, ""topic"": ""Introduction to instruction set architecture, microarchitecture, and system architecture.""}]","[{""type"": ""Final Written Examination (2 hours)"", ""weight"": 50}]","[""COMP1126"", ""COMP1127"", ""COMP1161 and (COMP1210 or MATH1151)""]",[],s,3
COMP3101,Operating Systems,3,Description,[],[],[],[],[],":  An operating system deﬁnes an abstraction of hardware and manages 
resource sharing in a computer system and among its users. Many of the ideas involved 
in operating system design have wider applicability across the ﬁeld of computer 
science. This includes topics essential for contemporary computer scientists such as 
concurrent programming, resource scheduling, and system performance concerns.",3
COMP3901,Credits:,3,Description,[],"[{""week"": 1, ""topic"": ""In giving your presentation, you should be very careful to say what was accomplished""}, {""week"": 2, ""topic"": ""Sometimes it helps to produce a screenshot of what was accomplished to illustrate what""}, {""week"": 3, ""topic"": ""Rehearse your presentation, try to fit it within the given time limits.""}, {""week"": 4, ""topic"": ""Do not be embarrassed about self-imposed limitations on the scope of the project. It is""}, {""week"": 5, ""topic"": ""Be excited about your work, and present it in as positive a light as possible. Even if your""}, {""week"": 6, ""topic"": ""Plan your demonstration. Do not simply do a breadth-first traversal of every feature that""}, {""week"": 7, ""topic"": ""Think about the critical functionalities of your project, and try to show those first. Be""}, {""week"": 8, ""topic"": ""Do not demonstrate anything that you have not verified before (unless you cannot help it,""}, {""week"": 9, ""topic"": ""Make sure that you have all the necessary equipment in place in order to demonstrate""}]","[{""type"": ""1. The midterm presentation is worth"", ""weight"": 10}]",[],[],:,3
INFO2180,Course Description & Rationale,3,Description,[],"[{""week"": 1, ""topic"": ""Name of Lecturer: Bruce Mcdonald""}, {""week"": 2, ""topic"": ""Office address and Telephone: (876) 702-4455 EXT 7273  Office hours: By Zoom""}, {""week"": 3, ""topic"": ""E-mail address: Bruce.mcdonald@uwimona.edu.jm""}, {""week"": 4, ""topic"": ""Zoom Meeting:""}, {""week"": 5, ""topic"": ""Course Title & Code: Ecommerce \u2013 INFO 3435 No. Of credits: 3""}, {""week"": 6, ""topic"": ""Semester: 2; Duration of Course: 12 weeks""}, {""week"": 7, ""topic"": ""No. Of contact hours: 48""}, {""week"": 8, ""topic"": ""Pre-requisites: COMP2140, INFO2180""}, {""week"": 9, ""topic"": ""Online""}, {""week"": 10, ""topic"": ""Final Exam (2hr , face to face)""}, {""week"": 11, ""topic"": ""Coursework""}, {""week"": 12, ""topic"": ""Take responsibility of obtaining and becoming familiar with a copy of the Course""}]",[],"[""COMP2140"", ""INFO2180""]",[],"The tremendous growth of the Internet and World Wide Web is having great impact on 
businesses, governments and individuals throughout the world. The Net and Web allow business 
to be conducted in ways heretofore not possible. Organizations of all kinds are being affected in 
radical ways. New business models are being invented.",3
INFO3180,OVERVIEW,3,,[],[],[],[],[],,3
